-- phpMyAdmin SQL Dump
-- version 5.2.0
-- https://www.phpmyadmin.net/
--
-- Host: 127.0.0.1
-- Generation Time: Jan 05, 2023 at 09:13 AM
-- Server version: 10.4.27-MariaDB
-- PHP Version: 8.0.25

SET SQL_MODE = "NO_AUTO_VALUE_ON_ZERO";
START TRANSACTION;
SET time_zone = "+00:00";


/*!40101 SET @OLD_CHARACTER_SET_CLIENT=@@CHARACTER_SET_CLIENT */;
/*!40101 SET @OLD_CHARACTER_SET_RESULTS=@@CHARACTER_SET_RESULTS */;
/*!40101 SET @OLD_COLLATION_CONNECTION=@@COLLATION_CONNECTION */;
/*!40101 SET NAMES utf8mb4 */;

--
-- Database: `stockmanagement`
--

-- --------------------------------------------------------

--
-- Table structure for table `categories`
--

CREATE TABLE `categories` (
  `id` int(11) UNSIGNED NOT NULL,
  `name` varchar(60) NOT NULL
) ENGINE=InnoDB DEFAULT CHARSET=utf8 COLLATE=utf8_general_ci;

--
-- Dumping data for table `categories`
--

INSERT INTO `categories` (`id`, `name`) VALUES
(43, ' Files'),
(6, 'Batteries'),
(12, 'Binding Springs'),
(3, 'blue tooth headphones'),
(40, 'BT MODULATOR'),
(36, 'Cables'),
(41, 'CAR CHARGER'),
(32, 'Card Readers'),
(53, 'CDR'),
(27, 'Cellotapes'),
(1, 'Chargers'),
(35, 'Charging Connectors'),
(44, 'Clear Bags'),
(42, 'Counter Books'),
(51, 'DL ENVELOPES'),
(2, 'Earphones'),
(24, 'ENVELOPES'),
(4, 'Flash discs'),
(30, 'Flexible Keyboards'),
(45, 'Folders'),
(15, 'Frames'),
(57, 'full scap'),
(22, 'Geometrical Sets'),
(13, 'Kabambe batteries'),
(9, 'Keyboards'),
(11, 'Lamination Papers'),
(37, 'Laptop Chargers'),
(19, 'LINE SALES'),
(20, 'LINE SWAPS'),
(55, 'Marker pen'),
(26, 'MARKER PENS'),
(5, 'Memory Cards'),
(39, 'MI-FI'),
(8, 'Mouse'),
(49, 'Office Glue'),
(38, 'OTG'),
(23, 'Pencils'),
(48, 'Pens'),
(33, 'Phone covers'),
(52, 'Phone Holders'),
(7, 'Power Banks'),
(29, 'Printer Inks'),
(18, 'Protectors'),
(10, 'Ream Papers'),
(34, 'Screen Protectors'),
(28, 'Selfie sticks'),
(50, 'Staple Pins'),
(56, 'White out'),
(14, 'Wireless Earphones'),
(31, 'Wireless Keyboards');

-- --------------------------------------------------------

--
-- Table structure for table `media`
--

CREATE TABLE `media` (
  `id` int(11) UNSIGNED NOT NULL,
  `file_name` varchar(255) NOT NULL,
  `file_type` varchar(100) NOT NULL
) ENGINE=InnoDB DEFAULT CHARSET=latin1 COLLATE=latin1_swedish_ci;

--
-- Dumping data for table `media`
--

INSERT INTO `media` (`id`, `file_name`, `file_type`) VALUES
(1, 'flash disks.jpg', 'image/jpeg'),
(2, 'ream papers.jpg', 'image/jpeg'),
(3, 'SAFARICOM LINE.jpeg', 'image/jpeg'),
(4, 'index.png', 'image/png'),
(5, 'oraimo charger.jpeg', 'image/jpeg'),
(6, 't47 earphoes.png', 'image/png'),
(7, 't11.jpg', 'image/jpeg'),
(8, 'jbl bluetooth.jpg', 'image/jpeg'),
(9, '128gb.-memory-card.jpg', 'image/jpeg'),
(10, 'amazon charger.jpg', 'image/jpeg'),
(11, 'tecno charger.jpg 1.jpg', 'image/jpeg'),
(12, 'tecno charger.jpg', 'image/jpeg'),
(13, 'bl-39ex.jpg', 'image/jpeg'),
(14, 'bl-20jt.jpeg', 'image/jpeg'),
(15, 'tecnp battery.jpg', 'image/jpeg'),
(16, 'discovery battery.jpg', 'image/jpeg'),
(17, 'tecno battery.jpg', 'image/jpeg'),
(18, 'bl-40ax.jpg', 'image/jpeg'),
(19, 'BROWN-DL-ENVELOPES.jpg', 'image/jpeg'),
(20, 'KASUKU COUNTER BOOKS.jpg', 'image/jpeg'),
(21, 'CLEAR BAGS.jpeg', 'image/jpeg'),
(22, 'spring files.jpeg', 'image/jpeg'),
(23, 'Super-glue-group-yellow.jpg', 'image/jpeg'),
(24, 'bic pens.jpg', 'image/jpeg'),
(25, 'kangaroo staple pins.jpg', 'image/jpeg'),
(26, 'nataraj pencils npg.png', 'image/png'),
(27, 'folders.jpg', 'image/jpeg'),
(28, 'celebrat.png', 'image/png'),
(29, 'neon ray battery.jpg', 'image/jpeg'),
(30, 'samsung earphones.jpeg', 'image/jpeg'),
(31, 'siminuo earphones.jpeg', 'image/jpeg'),
(32, 'oraimo-10000-mah-power-bank.jpg', 'image/jpeg'),
(33, 'safaricom lins.jpeg', 'image/jpeg'),
(34, 'safaricon lines.jpeg', 'image/jpeg'),
(35, 'airtel lines.jpg', 'image/jpeg'),
(36, 'photo frames.jpg', 'image/jpeg'),
(37, 'a4 frames.jpg', 'image/jpeg'),
(38, 'punex power banks.jpg', 'image/jpeg'),
(39, 'oraimo cables.jpg', 'image/jpeg'),
(40, 'mini keyboard.jpg', 'image/jpeg'),
(41, 'flexibble keyboard.jpg', 'image/jpeg'),
(42, 'HP laptop Charger.jpg', 'image/jpeg'),
(43, 'mifi.jpg', 'image/jpeg'),
(44, 'excellent cables.jpg', 'image/jpeg'),
(45, 'ca 101.jpeg', 'image/jpeg'),
(46, 'jamax earphones.jpg', 'image/jpeg'),
(47, 'car charger.png', 'image/png'),
(48, 'BT Modulator.jpg', 'image/jpeg'),
(49, 'bullet proof.jpg', 'image/jpeg'),
(50, 'my choice.jpg', 'image/jpeg'),
(51, 'noble.jpg', 'image/jpeg'),
(52, 'leather.jpg', 'image/jpeg'),
(53, 'kischana.jpg', 'image/jpeg'),
(54, 'original_epson_clarity_ink_100ml-100681-1200x960.jpg', 'image/jpeg'),
(55, 'sports.png', 'image/png'),
(56, 'real me.jpg', 'image/jpeg'),
(57, 'oraimo earphones.jpeg', 'image/jpeg'),
(58, 'phone holders.jpeg', 'image/jpeg'),
(59, 'HS415 stereo Headphone.jpeg', 'image/jpeg'),
(60, 'XB450BT JBL BASS.jpeg', 'image/jpeg'),
(61, 'Amazon Chargers.jpeg', 'image/jpeg'),
(62, 'infinix chargers.jpeg', 'image/jpeg'),
(63, 'otg.jpeg', 'image/jpeg'),
(64, 'kaspersky antivirus.jpeg', 'image/jpeg'),
(65, 'tecno chargers.jpeg', 'image/jpeg'),
(66, 'samsung charger.jpeg', 'image/jpeg'),
(67, 'Kodak Chargers.jpeg', 'image/jpeg'),
(68, 'scooper chargers.jpeg', 'image/jpeg'),
(69, 'itel chargers.jpeg', 'image/jpeg'),
(70, 'excelent 3X.jpeg', 'image/jpeg'),
(71, 'hifi wireless earphones.jpeg', 'image/jpeg'),
(72, 'Itel E11 Earphones.jpeg', 'image/jpeg'),
(73, 'Itel E12 Earphones.jpeg', 'image/jpeg'),
(74, 'punex iphone cable.jpeg', 'image/jpeg'),
(75, 'dr lee earphones.jpg', 'image/jpeg'),
(76, 'ream papers.jpeg', 'image/jpeg');

-- --------------------------------------------------------

--
-- Table structure for table `products`
--

CREATE TABLE `products` (
  `id` int(11) UNSIGNED NOT NULL,
  `name` varchar(255) NOT NULL,
  `quantity` varchar(50) DEFAULT NULL,
  `buy_price` decimal(25,2) DEFAULT NULL,
  `sale_price` decimal(25,2) NOT NULL,
  `categorie_id` int(11) UNSIGNED NOT NULL,
  `media_id` int(11) DEFAULT 0,
  `date` datetime NOT NULL
) ENGINE=InnoDB DEFAULT CHARSET=utf8 COLLATE=utf8_general_ci;

--
-- Dumping data for table `products`
--

INSERT INTO `products` (`id`, `name`, `quantity`, `buy_price`, `sale_price`, `categorie_id`, `media_id`, `date`) VALUES
(1, 'Oraimo', '13', '350.00', '700.00', 1, 5, '2022-12-14 08:46:21'),
(2, 'T47', '2', '900.00', '1700.00', 3, 6, '2022-12-14 08:54:24'),
(3, 'T11', '2', '1200.00', '1800.00', 3, 7, '2022-12-14 08:56:13'),
(4, 'X450BT JBL', '2', '700.00', '1500.00', 3, 8, '2022-12-14 08:57:28'),
(5, 'Q1', '1', '1500.00', '2000.00', 3, 6, '2022-12-14 08:59:23'),
(6, '128GB', '2', '1400.00', '3000.00', 4, 1, '2022-12-14 09:27:28'),
(7, '64GB', '1', '1200.00', '1800.00', 4, 1, '2022-12-14 09:28:11'),
(8, '32GB FLASH DISK', '4', '800.00', '1100.00', 4, 1, '2022-12-14 09:30:18'),
(9, '16GB', '10', '600.00', '1000.00', 4, 1, '2022-12-14 09:32:05'),
(10, '8GB', '15', '450.00', '800.00', 4, 1, '2022-12-14 09:34:16'),
(11, '4GB FLASHDISK', '12', '260.00', '650.00', 4, 1, '2022-12-14 09:42:27'),
(12, '2GB FLASHDISK', '2', '250.00', '550.00', 4, 1, '2022-12-14 09:45:54'),
(13, '128GB mem', '1', '1400.00', '3000.00', 5, 9, '2022-12-14 10:00:18'),
(14, '64GB mem', '4', '1200.00', '1500.00', 5, 9, '2022-12-14 10:01:52'),
(15, '32gb mem', '9', '800.00', '1100.00', 5, 9, '2022-12-14 10:03:07'),
(16, '16GB mem', '14', '600.00', '1000.00', 5, 9, '2022-12-14 10:04:20'),
(17, '8gb mem', '11', '400.00', '800.00', 5, 9, '2022-12-14 10:06:21'),
(18, '4gb mem', '9', '250.00', '650.00', 5, 9, '2022-12-14 10:07:32'),
(19, '2gb mem', '9', '200.00', '550.00', 5, 9, '2022-12-14 10:08:15'),
(20, 'Amazon charger', '2', '150.00', '400.00', 1, 10, '2022-12-14 10:13:07'),
(21, 'Tecno charger', '4', '150.00', '400.00', 1, 12, '2022-12-14 10:13:43'),
(22, 'BL-30PI-Excellent', '1', '450.00', '700.00', 6, 13, '2022-12-14 10:39:38'),
(23, 'BL-30KT Excellent (J8)', '1', '500.00', '750.00', 6, 14, '2022-12-14 10:41:38'),
(24, 'BL-F32066A- Excellent (W1)', '1', '450.00', '700.00', 6, 13, '2022-12-14 10:42:53'),
(25, 'BL-28AT - Excellent', '1', '450.00', '700.00', 6, 13, '2022-12-14 10:43:55'),
(26, 'BL-11DT Excellent', '1', '450.00', '700.00', 6, 13, '2022-12-14 10:44:47'),
(27, 'S7562 Excellent', '2', '450.00', '700.00', 6, 13, '2022-12-14 10:45:30'),
(28, 'J2 Excellent', '1', '450.00', '700.00', 6, 13, '2022-12-14 10:46:01'),
(29, 'BL-4UL Excellent', '3', '450.00', '700.00', 6, 13, '2022-12-14 10:46:41'),
(30, 'BL 18AI Excellent', '1', '450.00', '700.00', 6, 13, '2022-12-14 10:47:14'),
(32, 'BL-20ET Excellent', '1', '450.00', '700.00', 6, 13, '2022-12-14 10:52:42'),
(33, 'BL-40AX', '2', '450.00', '700.00', 6, 18, '2022-12-14 10:55:09'),
(34, 'J1 Excellent', '3', '450.00', '700.00', 6, 13, '2022-12-14 10:55:41'),
(35, 'BL 25JT Excellent', '0', '450.00', '700.00', 6, 13, '2022-12-14 10:56:26'),
(36, 'BL-30LX Excellent', '1', '450.00', '700.00', 6, 13, '2022-12-14 10:56:58'),
(37, 'kabambe discovery', '2', '300.00', '550.00', 6, 16, '2022-12-14 10:58:11'),
(38, 'BL- 20JT', '2', '450.00', '700.00', 6, 14, '2022-12-14 11:01:28'),
(39, 'NEON RAY 2 Excellent', '1', '650.00', '1200.00', 6, 29, '2022-12-14 11:02:01'),
(40, '555 kabambe batteries', '1', '150.00', '350.00', 6, 15, '2022-12-14 11:03:46'),
(41, 'POCKET/5360', '1', '450.00', '700.00', 6, 14, '2022-12-14 11:04:23'),
(42, 'LI-lion 19CI', '4', '450.00', '700.00', 6, 14, '2022-12-14 11:05:26'),
(43, 'BL-21CI', '2', '450.00', '700.00', 6, 13, '2022-12-14 11:06:33'),
(44, 'BL-25BI', '2', '450.00', '700.00', 6, 13, '2022-12-14 11:08:24'),
(45, 'NEON RAY EXCELLENT', '1', '650.00', '1300.00', 6, 13, '2022-12-14 11:11:51'),
(46, 'BL-21BI', '0', '450.00', '700.00', 6, 13, '2022-12-14 11:17:45'),
(47, '3472 SAMSUNG DISCOVERY', '1', '450.00', '700.00', 6, 13, '2022-12-14 11:28:16'),
(48, 'BL-25JT Premier', '1', '450.00', '700.00', 6, 13, '2022-12-14 11:29:00'),
(49, 'L700 Excellent', '1', '450.00', '700.00', 6, 13, '2022-12-14 11:34:30'),
(52, 'Original', '4', '70.00', '200.00', 13, 16, '2022-12-15 05:36:04'),
(53, 'tecno kaduda battery', '4', '70.00', '200.00', 13, 15, '2022-12-15 05:43:00'),
(54, 'oraimo kaduda battery', '1', '70.00', '200.00', 13, 15, '2022-12-15 05:43:28'),
(55, 'i11 - TWS', '2', '500.00', '1000.00', 14, 0, '2022-12-15 14:00:42'),
(56, 'Original BT', '2', '180.00', '500.00', 14, 0, '2022-12-15 14:02:26'),
(57, 'Ofia', '21', '150.00', '300.00', 2, 0, '2022-12-15 16:40:11'),
(58, 'Universal', '4', '150.00', '280.00', 2, 0, '2022-12-15 16:40:40'),
(59, 'samsung  Earphones', '1', '150.00', '280.00', 2, 30, '2022-12-15 16:41:13'),
(60, 'Siminuo', '3', '150.00', '280.00', 2, 31, '2022-12-15 16:52:48'),
(61, 'Hi- fi', '2', '150.00', '280.00', 2, 0, '2022-12-15 16:53:47'),
(62, 'Celebrat', '4', '150.00', '280.00', 2, 28, '2022-12-15 16:57:03'),
(63, 'Jamax', '3', '150.00', '280.00', 2, 46, '2022-12-15 16:57:52'),
(64, 'Sports', '2', '250.00', '400.00', 2, 55, '2022-12-15 16:58:46'),
(65, 'Real me', '4', '150.00', '280.00', 2, 56, '2022-12-15 17:08:10'),
(66, 'A4 FRAME', '4', '350.00', '650.00', 15, 36, '2022-12-15 17:59:38'),
(69, 'SAFARICOM LINE SALE', '122', '8.00', '100.00', 19, 34, '2022-12-16 04:46:38'),
(70, 'AIRTEL LINE SALE', '18', '10.00', '100.00', 19, 35, '2022-12-16 04:47:30'),
(71, 'SAFARICOM LINE SWAP', '-3', '10.00', '100.00', 20, 33, '2022-12-16 04:48:50'),
(72, 'AIRTEL LINE SWAP', '5', '10.00', '100.00', 19, 35, '2022-12-16 04:49:20'),
(73, 'punex powerbanks', '13', '1100.00', '1800.00', 7, 38, '2022-12-17 11:13:25'),
(74, 'Oraimo powerbanks', '1', '1300.00', '2000.00', 7, 32, '2022-12-17 11:15:18'),
(75, 'Amaya power banks', '1', '1000.00', '1600.00', 7, 0, '2022-12-17 11:17:02'),
(76, 'B28 Powerbank', '2', '1100.00', '1800.00', 7, 0, '2022-12-17 11:18:32'),
(77, 'Type C excellent cables', '8', '150.00', '280.00', 36, 44, '2022-12-17 11:27:36'),
(78, 'Oraimo cable', '16', '180.00', '350.00', 36, 39, '2022-12-17 11:37:13'),
(79, 'Recrst cables', '7', '100.00', '280.00', 36, 0, '2022-12-17 11:40:59'),
(81, 'CA 101', '2', '80.00', '250.00', 36, 45, '2022-12-17 13:17:27'),
(82, 'Wireless Mini Keyboard', '4', '1000.00', '1500.00', 9, 40, '2022-12-17 13:25:17'),
(83, 'Wireless Large Keyboard', '3', '1200.00', '1800.00', 9, 40, '2022-12-17 13:27:00'),
(84, 'Flexible Keyboards', '3', '500.00', '850.00', 9, 41, '2022-12-17 13:28:09'),
(85, 'Laptop Charger', '5', '800.00', '1300.00', 37, 42, '2022-12-17 13:30:08'),
(86, 'MI-FI', '2', '3000.00', '4500.00', 39, 43, '2022-12-17 13:32:23'),
(87, 'BT Modulator', '4', '400.00', '800.00', 40, 48, '2022-12-17 13:34:40'),
(88, 'Car Charger', '5', '600.00', '900.00', 41, 47, '2022-12-17 13:38:05'),
(89, 'One Quire', '1', '105.00', '130.00', 42, 20, '2022-12-17 17:04:38'),
(90, ' Two (2) Quire', '6', '165.00', '200.00', 42, 20, '2022-12-17 17:05:10'),
(91, '4 Quire', '3', '285.00', '330.00', 42, 20, '2022-12-17 17:08:08'),
(92, 'Spring Files', '8', '35.00', '70.00', 43, 22, '2022-12-17 17:18:04'),
(93, 'Clear Bags', '2', '35.00', '60.00', 44, 21, '2022-12-17 17:22:04'),
(94, 'Folders', '5', '35.00', '70.00', 45, 27, '2022-12-17 17:24:07'),
(95, 'Nataraj Pencils', '17', '10.00', '15.00', 23, 26, '2022-12-17 17:56:02'),
(96, 'Bic Pens', '51', '16.00', '25.00', 48, 24, '2022-12-17 18:04:13'),
(97, 'Office Glue', '26', '35.00', '50.00', 49, 23, '2022-12-17 18:27:20'),
(98, 'Staple Pins', '7', '30.00', '50.00', 50, 25, '2022-12-17 18:36:34'),
(99, 'DL ENVELOPES', '14', '100.00', '120.00', 24, 19, '2022-12-18 09:13:18'),
(100, '3 Quire counter books', '-1', '210.00', '250.00', 42, 0, '2022-12-19 14:49:49'),
(101, 'Infinix smart 6 My choice', '1', '150.00', '350.00', 33, 50, '2022-12-19 15:04:19'),
(102, 'Infinix smart 3 fancy', '1', '150.00', '350.00', 33, 53, '2022-12-19 15:05:53'),
(103, 'Infinix Note 7 Lite Millitary', '2', '180.00', '400.00', 33, 49, '2022-12-19 15:09:25'),
(104, 'infinix note 10 fancy', '1', '150.00', '350.00', 33, 53, '2022-12-19 15:12:15'),
(105, 'infinix 650 millitary', '1', '180.00', '400.00', 33, 49, '2022-12-19 15:14:16'),
(106, 'note 7 noble (infinix)', '3', '100.00', '350.00', 33, 51, '2022-12-19 15:15:21'),
(107, 'note 2 infinix fancy', '1', '150.00', '350.00', 33, 53, '2022-12-19 15:15:56'),
(108, 'note 7 fancy infinix', '2', '150.00', '350.00', 33, 53, '2022-12-19 15:16:29'),
(109, 'note 7 lite infinix fancy', '2', '150.00', '350.00', 33, 53, '2022-12-19 15:17:17'),
(110, 'infinix hot 9 fancy', '5', '150.00', '350.00', 33, 53, '2022-12-19 15:20:07'),
(112, 'Infinix Note 20 fancy', '1', '150.00', '350.00', 33, 53, '2022-12-19 15:56:03'),
(113, 'Infinix hot 10 my choice', '1', '150.00', '350.00', 33, 50, '2022-12-19 15:56:36'),
(114, 'Infinix note 7 Lite Noble', '2', '150.00', '350.00', 33, 51, '2022-12-19 15:57:37'),
(115, 'Infinix X557 Leather', '1', '150.00', '350.00', 33, 52, '2022-12-19 15:58:04'),
(116, 'Infinix 680 Leather', '1', '150.00', '350.00', 33, 52, '2022-12-19 15:58:29'),
(117, 'Infinix hot 10 Noble', '1', '150.00', '350.00', 33, 51, '2022-12-19 15:59:10'),
(118, 'Infinix 653 My Choice', '1', '150.00', '350.00', 33, 50, '2022-12-19 15:59:42'),
(119, 'Infinix note 7 Lite Fancy', '1', '150.00', '350.00', 33, 53, '2022-12-19 16:03:36'),
(120, 'Infinix X601 Fancy', '1', '150.00', '350.00', 33, 53, '2022-12-19 16:04:06'),
(121, 'Infinix hot 9 play fancy', '0', '150.00', '350.00', 33, 53, '2022-12-19 16:04:32'),
(122, 'Infinix X5515 Noble', '1', '150.00', '350.00', 33, 51, '2022-12-19 16:05:01'),
(123, 'Infinix Note 7 Leather', '1', '150.00', '350.00', 33, 52, '2022-12-19 16:05:30'),
(124, 'Infinix X680 My Choice', '1', '150.00', '350.00', 33, 50, '2022-12-19 16:05:52'),
(126, 'Infinix X653 Leather', '2', '150.00', '350.00', 33, 52, '2022-12-19 16:14:12'),
(127, 'Infinix note 7 Fancy', '1', '150.00', '350.00', 33, 53, '2022-12-19 16:14:48'),
(128, 'Infinix X5515 Leather', '1', '150.00', '350.00', 33, 52, '2022-12-19 16:15:38'),
(129, 'infinix X650 Noble', '1', '150.00', '350.00', 33, 51, '2022-12-19 16:16:34'),
(130, 'Infinix X650B (Hot8) noble', '1', '150.00', '350.00', 33, 51, '2022-12-19 16:17:28'),
(131, 'X624 FANCY infinix', '1', '150.00', '350.00', 33, 53, '2022-12-19 16:19:59'),
(132, 'Infinix X5516 Fancy', '1', '150.00', '350.00', 33, 53, '2022-12-19 16:21:39'),
(133, 'Infinix 609 Leather', '1', '150.00', '350.00', 33, 52, '2022-12-19 16:22:00'),
(134, 'Infinix Note 8 Noble', '1', '150.00', '350.00', 33, 51, '2022-12-19 16:22:35'),
(135, 'Infinix 603 Leather', '1', '150.00', '350.00', 33, 52, '2022-12-19 16:23:52'),
(136, 'Infinix X559 Leather', '1', '150.00', '350.00', 33, 52, '2022-12-19 16:27:18'),
(137, 'infinix hot6 lite fancy', '1', '150.00', '350.00', 33, 53, '2022-12-19 16:31:45'),
(138, 'infinix X572 Fancy (Note4)', '1', '150.00', '350.00', 33, 53, '2022-12-19 16:36:36'),
(139, 'infinix hot8lite fancy', '1', '150.00', '350.00', 33, 53, '2022-12-19 16:37:57'),
(140, 'infinix hot 7 (x624)', '1', '150.00', '350.00', 33, 51, '2022-12-19 16:45:17'),
(141, 'infinix x5516 leather', '1', '150.00', '350.00', 33, 52, '2022-12-19 16:47:27'),
(142, 'infinix note3 leather', '1', '150.00', '350.00', 33, 52, '2022-12-19 16:47:54'),
(143, 'infinix x623 fancy', '1', '150.00', '350.00', 33, 53, '2022-12-19 16:49:22'),
(144, 'infinix x653 (smart4)', '1', '150.00', '350.00', 33, 50, '2022-12-19 16:51:59'),
(145, 'Oraimo Earphones', '12', '180.00', '350.00', 2, 57, '2022-12-19 18:08:41'),
(146, 'Phone Holders', '19', '50.00', '120.00', 52, 58, '2022-12-19 18:12:44'),
(147, 'A56 Fancy', '2', '150.00', '350.00', 33, 53, '2022-12-20 15:19:42'),
(148, 'Samsung A3 Core my choice', '1', '150.00', '350.00', 33, 50, '2022-12-20 15:20:04'),
(149, 'Samsung J1 Leather', '1', '150.00', '350.00', 33, 52, '2022-12-20 15:20:23'),
(150, 'Oppo A92 My Choice', '1', '150.00', '350.00', 33, 50, '2022-12-20 15:20:45'),
(151, 'Samsung A50S Fancy', '2', '150.00', '350.00', 33, 53, '2022-12-20 15:21:06'),
(152, 'A3 Core Noble', '1', '150.00', '350.00', 33, 51, '2022-12-20 15:21:22'),
(153, 'A56 Noble', '1', '150.00', '350.00', 33, 51, '2022-12-20 15:21:47'),
(154, 'Samsung Note 8 My Choice', '1', '150.00', '350.00', 33, 50, '2022-12-20 15:22:21'),
(155, 'Samsung A2 Core Fancy', '1', '150.00', '350.00', 33, 53, '2022-12-20 15:22:42'),
(156, 'Samsung A50 My Choice', '2', '150.00', '350.00', 33, 50, '2022-12-20 15:23:16'),
(157, 'A32/ A53 My choice', '1', '150.00', '350.00', 33, 50, '2022-12-20 15:42:26'),
(158, 'Samsung A32 Leather ', '2', '150.00', '350.00', 33, 52, '2022-12-20 15:43:08'),
(159, 'Oppo A20 Fancy', '1', '150.00', '350.00', 33, 53, '2022-12-20 15:43:49'),
(160, 'Samsung A50 Fancy', '1', '150.00', '350.00', 33, 53, '2022-12-20 15:44:09'),
(161, 'Samsung A3 Core Noble', '2', '150.00', '350.00', 33, 51, '2022-12-20 15:44:33'),
(162, 'Samsung A53 Fancy', '1', '150.00', '350.00', 33, 53, '2022-12-20 15:44:52'),
(163, 'Oppo A54 Fancy', '1', '150.00', '350.00', 33, 53, '2022-12-20 16:40:03'),
(164, 'Oppo A50 Leather', '1', '150.00', '350.00', 33, 52, '2022-12-20 16:40:21'),
(165, 'Samsung A01 My Choice', '1', '150.00', '350.00', 33, 50, '2022-12-20 16:40:43'),
(166, 'Samsung G30 Noble', '4', '150.00', '350.00', 33, 51, '2022-12-20 16:41:02'),
(167, 'Oppo A50S Leather', '1', '150.00', '350.00', 33, 52, '2022-12-20 16:42:02'),
(168, 'Oppo Reno 3 Noble', '1', '150.00', '350.00', 33, 51, '2022-12-20 16:42:19'),
(169, 'Samsung A31 Millitary', '3', '150.00', '350.00', 33, 49, '2022-12-20 16:42:40'),
(170, 'Samsung A3 Core Fancy', '1', '150.00', '350.00', 33, 53, '2022-12-20 16:43:01'),
(171, 'Oppo A12 Millitary', '2', '150.00', '350.00', 33, 49, '2022-12-20 16:43:30'),
(172, 'Oppo A12 Fancy', '2', '150.00', '350.00', 33, 53, '2022-12-20 16:43:49'),
(173, 'Oppo A3S Leather', '2', '150.00', '350.00', 33, 52, '2022-12-20 16:44:09'),
(174, 'Oppo Reno 4 My Choice', '1', '150.00', '350.00', 33, 50, '2022-12-20 16:45:22'),
(175, 'Oppo Reno 5F Fancy', '1', '150.00', '350.00', 33, 53, '2022-12-20 16:45:48'),
(176, 'Oppo Reno 5 My Choice', '1', '150.00', '350.00', 33, 50, '2022-12-20 16:46:27'),
(177, 'Redmi 9C', '1', '150.00', '350.00', 33, 0, '2022-12-20 16:46:54'),
(178, 'Oppo F7 Fancy', '1', '150.00', '350.00', 33, 53, '2022-12-20 16:47:33'),
(179, 'Oppo A15 Noble', '1', '150.00', '350.00', 33, 51, '2022-12-20 16:47:56'),
(180, 'Oppo Reno  C12 Fancy', '1', '150.00', '350.00', 33, 53, '2022-12-20 16:48:28'),
(181, 'Oppo A15 Fancy', '1', '150.00', '350.00', 33, 53, '2022-12-20 16:49:05'),
(182, 'A3 Core Fancy', '1', '150.00', '350.00', 33, 53, '2022-12-20 16:49:43'),
(183, 'Oppo A21 Fancy', '4', '150.00', '350.00', 33, 53, '2022-12-20 16:50:16'),
(184, 'A3S Fancy', '1', '150.00', '350.00', 33, 0, '2022-12-20 16:50:42'),
(185, 'Samsung S9 Plus Plastic', '1', '150.00', '350.00', 33, 0, '2022-12-20 16:52:00'),
(186, 'A21 S Leather', '1', '150.00', '350.00', 33, 0, '2022-12-20 16:52:36'),
(187, 'A22 Fancy', '1', '150.00', '350.00', 33, 0, '2022-12-20 16:57:25'),
(188, 'A20 Fancy', '2', '150.00', '350.00', 33, 0, '2022-12-20 16:57:50'),
(189, 'Oppo A31 My Choice', '1', '150.00', '350.00', 33, 0, '2022-12-20 16:58:32'),
(190, 'G5 30 Fancy', '1', '150.00', '350.00', 33, 0, '2022-12-20 16:59:26'),
(191, 'S9 Plus Noble', '3', '150.00', '350.00', 33, 0, '2022-12-20 17:00:12'),
(192, 'Oppo A9 Noble', '4', '150.00', '350.00', 33, 0, '2022-12-20 17:03:59'),
(193, 'A20/ A3 Fancy', '1', '150.00', '350.00', 33, 0, '2022-12-20 17:05:23'),
(194, 'A21 S Millitary', '1', '150.00', '350.00', 33, 0, '2022-12-20 17:06:13'),
(195, 'A50/ A30S/ A50S Millitary', '1', '150.00', '350.00', 33, 0, '2022-12-20 17:08:46'),
(196, 'A21S Noble', '2', '150.00', '350.00', 33, 0, '2022-12-20 17:09:43'),
(197, 'A 92 My choice', '3', '150.00', '350.00', 33, 0, '2022-12-20 17:10:14'),
(198, 'A92 Leather', '2', '150.00', '350.00', 33, 0, '2022-12-20 17:10:55'),
(199, ' Samsung A31 Fancy', '1', '150.00', '350.00', 33, 0, '2022-12-20 17:11:48'),
(200, 'A 20 S Fancy', '2', '150.00', '350.00', 33, 0, '2022-12-20 17:12:18'),
(201, 'A 71 Millitary', '1', '150.00', '350.00', 33, 49, '2022-12-20 17:12:44'),
(202, 'A51 Millitary', '1', '150.00', '350.00', 33, 0, '2022-12-20 17:17:08'),
(203, 'A31 Noble', '7', '150.00', '350.00', 33, 0, '2022-12-20 17:17:56'),
(204, 'A92 Noble', '2', '150.00', '350.00', 33, 0, '2022-12-20 17:18:35'),
(205, 'M11 Leather', '6', '150.00', '350.00', 33, 0, '2022-12-20 17:19:19'),
(206, 'CDR', '59', '10.00', '25.00', 53, 0, '2022-12-20 17:30:26'),
(207, 'Samsung J2 Fancy', '1', '150.00', '350.00', 33, 0, '2022-12-20 17:31:38'),
(208, 'Samsung S8 Plus Leather', '1', '150.00', '350.00', 33, 0, '2022-12-20 17:32:02'),
(209, 'Oppo A51 Fancy', '1', '150.00', '350.00', 33, 0, '2022-12-20 17:32:25'),
(210, 'Samsung A10 Fancy', '1', '150.00', '350.00', 33, 53, '2022-12-20 17:33:02'),
(211, 'Oppo Reno 3 Leather', '1', '150.00', '350.00', 33, 0, '2022-12-20 17:33:37'),
(212, 'Samsung S7 Plus Faancy', '1', '150.00', '350.00', 33, 0, '2022-12-20 17:34:02'),
(213, 'Oppo A5 Noble', '1', '150.00', '350.00', 33, 0, '2022-12-20 17:34:19'),
(214, 'Samsung A30 Noble', '1', '150.00', '350.00', 33, 0, '2022-12-20 17:34:38'),
(215, 'Samsung A21 Fancy', '1', '150.00', '350.00', 33, 0, '2022-12-20 17:34:56'),
(216, 'Oppo A92 Millitary', '1', '150.00', '350.00', 33, 0, '2022-12-20 17:35:15'),
(217, 'Samsung J5 Prime Leather', '1', '150.00', '350.00', 33, 0, '2022-12-20 17:35:34'),
(218, 'Oppo A1K Fancy', '2', '150.00', '350.00', 33, 53, '2022-12-20 17:35:59'),
(219, 'Oppo A31 Fancy', '1', '150.00', '350.00', 33, 0, '2022-12-20 17:36:32'),
(220, 'Samsung A20 Noble', '2', '150.00', '350.00', 33, 0, '2022-12-20 17:37:06'),
(221, 'Oppo A52 Leather', '1', '150.00', '350.00', 33, 52, '2022-12-20 17:37:49'),
(222, 'Oppo A7 Leather', '1', '150.00', '350.00', 33, 0, '2022-12-20 17:43:14'),
(223, 'Samsung A11/ M11 Millitary', '1', '150.00', '350.00', 33, 0, '2022-12-20 17:43:41'),
(224, 'Oppo Reno 2F Leather', '1', '150.00', '350.00', 33, 52, '2022-12-20 17:44:36'),
(225, 'SamsungA15 Fancy', '1', '150.00', '350.00', 33, 53, '2022-12-20 17:45:21'),
(226, 'Samsung Note 8 Noble', '1', '150.00', '350.00', 33, 51, '2022-12-20 17:46:06'),
(227, 'Oppo A1K  My Choice', '1', '150.00', '350.00', 33, 0, '2022-12-20 17:46:36'),
(228, 'Oppo A51 Noble', '4', '150.00', '350.00', 33, 51, '2022-12-20 17:47:00'),
(229, 'Samsung Note 5 Leather', '1', '150.00', '350.00', 33, 52, '2022-12-20 17:47:41'),
(230, 'Samsung A20S My Choice', '2', '150.00', '350.00', 33, 50, '2022-12-20 17:48:14'),
(231, 'Samsung A01 Fancy', '1', '150.00', '350.00', 33, 0, '2022-12-20 17:49:51'),
(232, 'Samsung J7 Prime Fancy', '2', '150.00', '350.00', 33, 0, '2022-12-20 17:50:32'),
(233, 'Oppo Reno 3 Fancy', '2', '150.00', '350.00', 33, 0, '2022-12-20 17:51:27'),
(234, 'Samsung 7652 Leather', '1', '150.00', '350.00', 33, 0, '2022-12-20 17:51:56'),
(235, 'Samsung Note 8 Pro Noble', '2', '150.00', '350.00', 33, 51, '2022-12-20 17:52:24'),
(236, 'Samsung A10S Noble', '2', '150.00', '350.00', 33, 0, '2022-12-20 17:52:45'),
(237, 'Samsung Note 4 Leather', '1', '150.00', '350.00', 33, 0, '2022-12-20 17:53:14'),
(238, 'Samsung A20 Leather', '1', '150.00', '350.00', 33, 0, '2022-12-20 17:57:02'),
(239, 'Samsung J3 Leather', '2', '150.00', '350.00', 33, 0, '2022-12-20 17:57:48'),
(240, 'Samsung A10S Fancy', '3', '150.00', '350.00', 33, 53, '2022-12-20 17:58:33'),
(241, 'Oppo F11 Noble', '1', '150.00', '350.00', 33, 51, '2022-12-20 17:59:43'),
(242, 'Oppo A31 Leather', '1', '150.00', '350.00', 33, 52, '2022-12-20 18:00:28'),
(243, 'Oppo A5S Millitary', '3', '150.00', '350.00', 33, 0, '2022-12-20 18:01:01'),
(244, 'Samsung Note 10 Leather', '1', '150.00', '350.00', 33, 52, '2022-12-20 18:02:00'),
(245, 'Samsung M30S Leather', '1', '150.00', '350.00', 33, 0, '2022-12-20 18:02:43'),
(246, 'Oppo F5 Millitary', '1', '150.00', '350.00', 33, 0, '2022-12-20 18:10:08'),
(247, 'Oppo F9 Fancy', '1', '150.00', '350.00', 33, 0, '2022-12-20 18:10:34'),
(248, 'Oppo A51 My Choice', '1', '150.00', '350.00', 33, 0, '2022-12-20 18:10:56'),
(249, 'Oppo F11 Leather', '1', '150.00', '350.00', 33, 52, '2022-12-20 18:13:08'),
(250, 'Samsung J2 Core Leather', '1', '150.00', '350.00', 33, 52, '2022-12-20 18:13:33'),
(251, 'Samsung S7 Edge Fancy', '1', '150.00', '350.00', 33, 53, '2022-12-20 18:15:08'),
(252, 'Samsung J6+ Leather', '1', '150.00', '350.00', 33, 0, '2022-12-20 18:15:44'),
(253, 'Samsung A10 Noble', '1', '150.00', '350.00', 33, 0, '2022-12-20 18:16:33'),
(254, 'J7 Pro Leather', '1', '150.00', '350.00', 33, 0, '2022-12-20 18:18:25'),
(255, 'Samsung J1 Pro Leather', '2', '150.00', '350.00', 33, 0, '2022-12-20 18:20:53'),
(256, 'Samsung Note 8 Fancy', '1', '150.00', '350.00', 33, 53, '2022-12-20 18:21:17'),
(257, 'Oppo A21S Noble', '1', '150.00', '350.00', 33, 51, '2022-12-20 18:21:41'),
(258, 'Samsung A30 Fancy', '1', '150.00', '350.00', 33, 53, '2022-12-20 18:22:00'),
(259, 'Samsung A20S Leather', '1', '150.00', '350.00', 33, 52, '2022-12-20 18:22:27'),
(260, 'Samsung A70S Noble', '1', '150.00', '350.00', 33, 51, '2022-12-20 18:22:48'),
(261, 'Samsung Note 10 Noble', '1', '150.00', '350.00', 33, 51, '2022-12-20 18:24:45'),
(262, 'Tecno Pavour 3 Noble', '4', '150.00', '350.00', 33, 0, '2022-12-21 13:22:41'),
(263, 'Camon 15 Noble', '4', '150.00', '350.00', 33, 0, '2022-12-21 13:23:02'),
(264, 'Pop 3 Fancy', '2', '150.00', '350.00', 33, 0, '2022-12-21 13:23:19'),
(265, 'CX4 Noble', '1', '150.00', '350.00', 33, 0, '2022-12-21 13:23:37'),
(266, 'Camon 15 Prime My Choice', '2', '150.00', '350.00', 33, 0, '2022-12-21 13:23:58'),
(267, 'CX Noble', '1', '150.00', '350.00', 33, 0, '2022-12-21 13:24:15'),
(268, 'Camon 12 Pro Fancy', '5', '150.00', '350.00', 33, 0, '2022-12-21 13:24:42'),
(269, 'KB8 (Spark 3 Pro Fancy)', '3', '150.00', '350.00', 33, 0, '2022-12-21 13:25:33'),
(270, 'Camon 15 Prime Fancy', '1', '150.00', '350.00', 33, 0, '2022-12-21 13:25:56'),
(271, 'K9 Fancy', '1', '150.00', '350.00', 33, 0, '2022-12-21 13:26:21'),
(272, 'Saprk 5 Noble', '3', '150.00', '350.00', 33, 0, '2022-12-21 13:26:43'),
(273, 'Tecno L9 Millitary', '1', '150.00', '350.00', 33, 0, '2022-12-21 13:27:05'),
(274, 'KA 7 Fancy', '5', '150.00', '350.00', 33, 0, '2022-12-21 13:27:29'),
(275, 'Spark 5 Air Noble', '1', '150.00', '350.00', 33, 0, '2022-12-21 13:27:52'),
(276, 'Tecno FI Fancy', '4', '150.00', '350.00', 33, 0, '2022-12-21 13:28:15'),
(277, 'Pop 2 Power Leather', '2', '150.00', '350.00', 33, 0, '2022-12-21 13:28:51'),
(278, 'Camon 12 Pro Noble', '4', '150.00', '350.00', 33, 0, '2022-12-21 13:29:18'),
(279, 'L8 Fancy', '2', '150.00', '350.00', 33, 0, '2022-12-21 13:29:32'),
(280, 'Camon 12 Fancy', '6', '150.00', '350.00', 33, 0, '2022-12-21 13:29:54'),
(281, 'Pop 3+ Noble', '2', '150.00', '350.00', 33, 0, '2022-12-21 13:31:42'),
(282, 'Camon 12 Air My Choice', '1', '150.00', '350.00', 33, 0, '2022-12-21 13:32:06'),
(283, 'Camon 12 Air Noble', '3', '150.00', '350.00', 33, 0, '2022-12-21 13:32:30'),
(284, 'Pop 2 Power Millitary', '2', '150.00', '350.00', 33, 0, '2022-12-21 13:33:36'),
(285, 'Pop 2 Power Fancy', '1', '150.00', '350.00', 33, 0, '2022-12-21 13:33:57'),
(286, 'Camon 12 Air Fancy', '2', '150.00', '350.00', 33, 0, '2022-12-21 13:34:23'),
(287, 'Phatom 9 Noble', '3', '150.00', '350.00', 33, 0, '2022-12-21 13:35:27'),
(288, 'W5 Fancy', '1', '150.00', '350.00', 33, 0, '2022-12-21 13:35:43'),
(289, 'R6S Fancy', '1', '150.00', '350.00', 33, 0, '2022-12-21 13:36:01'),
(290, 'AB7 Fancy', '1', '150.00', '350.00', 33, 0, '2022-12-21 13:36:22'),
(291, 'Phatom 9 Fancy', '1', '150.00', '350.00', 33, 0, '2022-12-21 13:36:44'),
(292, 'Pavour 3 (LB7) Fancy', '2', '150.00', '350.00', 33, 0, '2022-12-21 13:37:10'),
(293, 'Spark 5 Air Fancy', '3', '150.00', '350.00', 33, 0, '2022-12-21 13:37:32'),
(294, 'Spark 4 Air Leather', '1', '150.00', '350.00', 33, 0, '2022-12-21 13:37:51'),
(295, 'Tecno F2 Noble', '1', '150.00', '350.00', 33, 0, '2022-12-21 13:38:09'),
(296, 'Spar 3 Millitary', '1', '150.00', '350.00', 33, 0, '2022-12-21 13:38:29'),
(297, 'Pop 2 Noble', '1', '150.00', '350.00', 33, 0, '2022-12-21 13:38:51'),
(298, 'Camon 11 Noble', '1', '150.00', '350.00', 33, 0, '2022-12-21 13:39:10'),
(299, 'Camon 15 Fancy', '2', '150.00', '350.00', 33, 0, '2022-12-21 13:41:19'),
(300, 'Tecno F3 Leather', '1', '150.00', '350.00', 33, 0, '2022-12-21 13:42:35'),
(301, 'Camon 12 Noble', '7', '150.00', '350.00', 33, 0, '2022-12-21 13:44:07'),
(302, 'Pavour3 Fancy', '1', '150.00', '350.00', 33, 0, '2022-12-21 13:44:40'),
(304, 'F1 Noble', '1', '150.00', '350.00', 33, 0, '2022-12-21 13:45:47'),
(305, 'Spark 4 fancy', '1', '150.00', '350.00', 33, 0, '2022-12-21 13:46:22'),
(306, 'Pop 4 fancy', '1', '150.00', '350.00', 33, 0, '2022-12-21 13:47:21'),
(307, 'K7 Fancy', '1', '150.00', '350.00', 33, 0, '2022-12-21 13:48:20'),
(308, 'Cammon 19pro Fancy', '2', '150.00', '350.00', 33, 0, '2022-12-21 13:48:56'),
(309, 'Tecno K9 Noble', '1', '150.00', '350.00', 33, 0, '2022-12-21 13:49:54'),
(310, 'cammon 15 prime leather', '1', '150.00', '350.00', 33, 0, '2022-12-21 14:10:37'),
(311, 'pop2f noble', '1', '150.00', '350.00', 33, 0, '2022-12-21 14:11:13'),
(312, 'La7 noble', '2', '150.00', '350.00', 33, 0, '2022-12-21 15:29:49'),
(313, 'Pop 2 Power Noble', '1', '150.00', '350.00', 33, 0, '2022-12-21 15:30:24'),
(314, 'Cammon16s Millitary', '1', '150.00', '350.00', 33, 0, '2022-12-21 15:31:02'),
(315, 'KB7 Fancy', '1', '150.00', '350.00', 33, 0, '2022-12-21 15:31:36'),
(316, 'Pop3+ Noble', '1', '150.00', '350.00', 33, 0, '2022-12-21 15:32:14'),
(317, 'Cammon 16s Fancy', '1', '150.00', '350.00', 33, 0, '2022-12-21 15:33:05'),
(318, 'Spark 8My choice', '3', '150.00', '350.00', 33, 0, '2022-12-21 15:33:41'),
(319, 'Cammon 17Noble', '1', '150.00', '350.00', 33, 0, '2022-12-21 15:34:10'),
(320, 'Spark6 GO Fancy', '1', '150.00', '350.00', 33, 0, '2022-12-21 15:34:55'),
(321, 'Cammon 17 my  choice', '2', '150.00', '350.00', 33, 0, '2022-12-21 15:35:23'),
(322, 'Cammon 16 my choice', '1', '150.00', '350.00', 33, 0, '2022-12-21 15:36:08'),
(323, 'Spark 3 Leather', '2', '150.00', '350.00', 33, 0, '2022-12-21 15:36:46'),
(324, 'Pathom 9 millitary', '0', '150.00', '350.00', 33, 0, '2022-12-21 15:37:20'),
(325, 'Camon 16 Noble', '1', '150.00', '350.00', 33, 0, '2022-12-21 16:10:36'),
(326, 'LC7 My Choice', '1', '150.00', '350.00', 33, 0, '2022-12-21 16:11:18'),
(327, 'L16 Noble', '1', '150.00', '350.00', 33, 0, '2022-12-21 16:26:29'),
(328, 'K7 Leather', '1', '150.00', '350.00', 33, 0, '2022-12-21 16:26:59'),
(329, 'Spark 6 Fancy', '1', '150.00', '350.00', 33, 0, '2022-12-21 16:27:28'),
(330, 'Saprk 4 Fancy', '2', '150.00', '350.00', 33, 0, '2022-12-21 16:28:17'),
(331, 'Pop 2+ Noble', '1', '150.00', '350.00', 33, 0, '2022-12-21 16:28:43'),
(332, 'Camon 17 PRO', '2', '150.00', '350.00', 33, 0, '2022-12-21 16:31:56'),
(333, 'Camon 16 Fancy', '1', '150.00', '350.00', 33, 0, '2022-12-21 16:32:24'),
(334, 'Camon 19 My Choice', '6', '150.00', '360.00', 33, 0, '2022-12-21 16:41:43'),
(335, 'C-8 Fancy', '1', '150.00', '350.00', 33, 0, '2022-12-21 16:42:14'),
(336, 'Spark 5 My Choice', '1', '150.00', '350.00', 33, 0, '2022-12-21 17:23:51'),
(337, 'Camon 19 Fancy', '1', '150.00', '350.00', 33, 0, '2022-12-21 17:24:17'),
(338, 'Pop 5 Noble', '1', '150.00', '350.00', 33, 0, '2022-12-21 17:24:41'),
(339, 'Camon X Pro- CA8', '1', '150.00', '350.00', 33, 0, '2022-12-21 17:28:01'),
(340, 'Y6P Noble', '3', '150.00', '350.00', 33, 0, '2022-12-21 17:29:17'),
(341, 'Y7 2019 Noble', '2', '150.00', '350.00', 33, 0, '2022-12-21 17:30:17'),
(342, 'Y9 Prime My Choice', '1', '150.00', '350.00', 33, 0, '2022-12-21 17:30:48'),
(343, 'Y9 Prime Fancy', '5', '150.00', '350.00', 33, 0, '2022-12-21 17:31:24'),
(344, 'Y5 2019 Fancy', '2', '150.00', '350.00', 33, 0, '2022-12-21 17:31:50'),
(345, 'Y 9A Fancy', '2', '150.00', '350.00', 33, 0, '2022-12-21 17:36:03'),
(346, 'Y9 2019 Millitary', '1', '150.00', '350.00', 33, 0, '2022-12-21 17:36:32'),
(347, 'Y5 2018 Noble ', '1', '150.00', '350.00', 33, 0, '2022-12-21 17:37:04'),
(348, 'Y9 2019 Fancy ', '4', '150.00', '350.00', 33, 0, '2022-12-21 17:56:57'),
(349, 'Y5 2019 Noble', '1', '150.00', '350.00', 33, 0, '2022-12-21 17:57:28'),
(350, 'Y9 2019 Noble', '3', '150.00', '350.00', 33, 0, '2022-12-21 18:20:56'),
(351, 'YSP My Choice', '1', '150.00', '350.00', 33, 0, '2022-12-21 18:34:53'),
(352, 'Y9 Prime Noble', '2', '150.00', '350.00', 33, 0, '2022-12-21 18:35:43'),
(353, 'P 30 Lite Noble', '1', '150.00', '350.00', 33, 0, '2022-12-21 18:36:46'),
(354, 'Y7 2019 Fancy', '1', '150.00', '350.00', 33, 0, '2022-12-21 18:41:50'),
(355, 'Y5 2020 Fancy', '2', '150.00', '350.00', 33, 0, '2022-12-21 18:43:41'),
(356, 'Y6P Fancy', '2', '150.00', '350.00', 33, 0, '2022-12-21 18:44:11'),
(357, 'Y6P My Choice', '1', '150.00', '350.00', 33, 0, '2022-12-21 18:45:00'),
(358, 'Y95 Fancy', '1', '150.00', '350.00', 33, 0, '2022-12-21 18:45:35'),
(359, 'Redmi 19T', '1', '150.00', '350.00', 33, 0, '2022-12-21 18:46:04'),
(360, 'Real me C15', '1', '150.00', '350.00', 33, 0, '2022-12-21 18:46:40'),
(361, 'Y6P Leather', '1', '150.00', '350.00', 33, 0, '2022-12-21 18:47:14'),
(362, 'Huawei P9 Noble', '1', '150.00', '350.00', 33, 0, '2022-12-21 18:47:56'),
(363, 'Y6 2019 Fancy', '1', '150.00', '350.00', 33, 0, '2022-12-21 18:49:52'),
(365, 'Y7 2018 Noble', '1', '150.00', '350.00', 33, 0, '2022-12-21 18:50:43'),
(366, 'C12 Noble', '1', '150.00', '350.00', 33, 0, '2022-12-21 18:51:01'),
(367, 'Y9S My Choice', '1', '150.00', '350.00', 33, 0, '2022-12-21 18:51:23'),
(368, 'Nokia 1.4 Noble', '2', '150.00', '350.00', 33, 0, '2022-12-21 18:51:40'),
(369, 'Nokia 6.2 Leather', '1', '150.00', '350.00', 33, 0, '2022-12-21 18:51:58'),
(370, 'Nokia 5.1 Noble', '1', '150.00', '350.00', 33, 0, '2022-12-21 18:52:28'),
(371, 'NK 5.1 Noble', '1', '150.00', '350.00', 33, 0, '2022-12-22 08:53:19'),
(372, 'NK C3 NOBLE', '3', '150.00', '350.00', 33, 0, '2022-12-22 08:53:52'),
(373, 'NK 2.4 Noble', '2', '150.00', '350.00', 33, 0, '2022-12-22 08:54:19'),
(374, 'NK 5.1+ Noble', '1', '150.00', '350.00', 33, 0, '2022-12-22 08:55:02'),
(375, 'NK 7.2 Fancy', '1', '150.00', '350.00', 33, 0, '2022-12-22 08:55:35'),
(376, 'NK 1.4 Fancy', '1', '150.00', '350.00', 33, 0, '2022-12-22 08:56:00'),
(377, 'NK 2.2 Noble', '1', '150.00', '350.00', 33, 0, '2022-12-22 08:56:27'),
(378, 'NK 4.2 Leather', '1', '150.00', '350.00', 33, 0, '2022-12-22 08:56:58'),
(379, 'NK 12.2 Fancy', '1', '150.00', '350.00', 33, 0, '2022-12-22 08:58:33'),
(380, 'NK1+  Noble', '1', '150.00', '350.00', 33, 0, '2022-12-22 08:59:35'),
(381, 'NK 3.2 Noble', '1', '150.00', '350.00', 33, 0, '2022-12-22 09:00:11'),
(382, 'NK 2.1 Noble', '1', '150.00', '350.00', 33, 0, '2022-12-22 09:00:45'),
(383, 'NK C1 Leather', '1', '150.00', '350.00', 33, 0, '2022-12-22 09:01:24'),
(384, 'NK C2 Leather', '1', '150.00', '350.00', 33, 0, '2022-12-22 09:01:49'),
(385, 'Note 10 Noble', '1', '150.00', '350.00', 33, 0, '2022-12-22 09:02:49'),
(386, 'Reno 3P', '1', '150.00', '350.00', 33, 0, '2022-12-22 09:03:21'),
(387, 'A92P', '1', '150.00', '350.00', 33, 0, '2022-12-22 09:03:47'),
(388, 'IP513 Leather', '1', '150.00', '350.00', 33, 0, '2022-12-22 12:08:03'),
(389, 'IP 7G My Choice', '3', '150.00', '350.00', 33, 0, '2022-12-22 12:13:27'),
(390, 'IP6G Leather', '2', '150.00', '350.00', 33, 0, '2022-12-22 12:14:02'),
(391, 'IP5G My Choice', '3', '150.00', '350.00', 33, 0, '2022-12-22 12:14:44'),
(392, 'IP 2 My Choice', '1', '150.00', '350.00', 33, 0, '2022-12-22 12:15:15'),
(393, 'IP S13 Fancy', '2', '150.00', '350.00', 33, 0, '2022-12-22 12:22:34'),
(394, 'IPSG Noble', '1', '150.00', '350.00', 33, 0, '2022-12-22 12:23:11'),
(395, 'IP8P/ 7Q Fancy', '1', '150.00', '350.00', 33, 0, '2022-12-22 12:24:53'),
(396, 'IP 7G+ Fancy', '1', '150.00', '350.00', 33, 0, '2022-12-22 12:27:11'),
(397, 'IP6G My Choice', '2', '150.00', '350.00', 33, 0, '2022-12-22 12:28:36'),
(398, 'IPX Leather', '1', '150.00', '350.00', 33, 0, '2022-12-22 12:29:25'),
(399, 'IP 11 Pro Leather', '1', '150.00', '350.00', 33, 0, '2022-12-22 12:29:53'),
(400, 'IP 11 Leather', '1', '150.00', '350.00', 33, 0, '2022-12-22 12:30:23'),
(401, '1P Promax Fancy', '1', '150.00', '350.00', 33, 0, '2022-12-22 12:30:50'),
(402, 'IPXR Noble', '1', '150.00', '350.00', 33, 0, '2022-12-22 12:31:45'),
(403, 'IPX My Choice', '2', '150.00', '350.00', 33, 0, '2022-12-22 12:32:16'),
(404, 'IP7G My Choice', '2', '150.00', '350.00', 33, 0, '2022-12-22 12:32:42'),
(405, 'IP S13 Noble', '1', '150.00', '350.00', 33, 0, '2022-12-22 12:33:07'),
(406, 'IP SG Fancy', '1', '150.00', '350.00', 33, 0, '2022-12-22 12:33:42'),
(407, 'A57 Protector', '0', '100.00', '350.00', 18, 0, '2022-12-23 18:09:06'),
(408, 'hot 10 protector', '0', '100.00', '350.00', 18, 0, '2022-12-23 18:09:49'),
(409, 'Marker pen', '6', '35.00', '60.00', 55, 0, '2022-12-23 18:27:41'),
(410, 'Cammon 18 protectot 3D', '5', '100.00', '350.00', 18, 0, '2022-12-24 09:33:07'),
(411, 'Note 8I Protector', '4', '100.00', '350.00', 18, 0, '2022-12-24 09:34:36'),
(412, 'Cammon 18I 3D ', '1', '100.00', '350.00', 18, 0, '2022-12-24 09:36:31'),
(413, 'Pova Neo 3D', '3', '100.00', '350.00', 18, 0, '2022-12-24 09:40:49'),
(414, 'A 57 3D', '3', '100.00', '350.00', 18, 0, '2022-12-24 09:51:13'),
(415, 'A70 3D', '8', '100.00', '350.00', 18, 0, '2022-12-24 10:26:07'),
(416, 'Nokia C30 3D', '5', '100.00', '350.00', 18, 0, '2022-12-24 10:39:20'),
(417, 'Nokia C10 3D', '4', '100.00', '350.00', 18, 0, '2022-12-24 10:44:23'),
(418, 'A13  3D', '3', '100.00', '350.00', 18, 0, '2022-12-24 10:52:22'),
(419, 'Spark 9 3D', '5', '100.00', '350.00', 18, 0, '2022-12-24 10:54:11'),
(420, 'A23 Silver', '2', '150.00', '400.00', 33, 0, '2022-12-24 11:32:58'),
(421, 'OPPO A57 Silicon', '3', '150.00', '400.00', 33, 0, '2022-12-24 11:35:59'),
(422, 'A03 Core Silicon', '1', '150.00', '400.00', 33, 0, '2022-12-24 12:28:28'),
(423, 'A12 Silicon', '1', '150.00', '400.00', 33, 0, '2022-12-24 12:30:31'),
(424, 'Realme C35 Silicon', '1', '150.00', '400.00', 33, 0, '2022-12-24 12:37:38'),
(425, 'A03 Silicon', '1', '150.00', '400.00', 33, 0, '2022-12-24 12:40:16'),
(426, 'Pova Neo Cover', '2', '150.00', '400.00', 33, 0, '2022-12-24 14:16:19'),
(427, 'Reno 7 4G Cover', '1', '150.00', '400.00', 33, 0, '2022-12-24 14:17:19'),
(428, 'RM 10C Cover', '1', '150.00', '400.00', 33, 0, '2022-12-24 14:17:46'),
(429, 'A04S Cover', '0', '150.00', '400.00', 33, 0, '2022-12-24 14:18:20'),
(430, 'EX-UK Mouse', '3', '300.00', '600.00', 8, 0, '2022-12-24 17:11:10'),
(431, 'Real me C6 3D', '0', '100.00', '350.00', 18, 0, '2022-12-24 17:24:17'),
(432, 'White Out', '13', '35.00', '60.00', 56, 0, '2022-12-25 10:54:22'),
(433, 'Reno 3 3D', '0', '100.00', '350.00', 18, 0, '2022-12-26 17:38:12'),
(434, 'Y7 2019 3D', '1', '100.00', '350.00', 18, 0, '2022-12-26 17:51:06'),
(435, 'TELKOM LINE SALE', '8', '10.00', '100.00', 19, 0, '2022-12-29 18:04:53'),
(436, 'Light Magenta', '6', '125.00', '180.00', 29, 54, '2022-12-30 10:22:11'),
(437, 'Yellow', '4', '125.00', '180.00', 29, 54, '2022-12-30 10:23:04'),
(438, 'Cyan', '4', '125.00', '180.00', 29, 54, '2022-12-30 10:23:43'),
(439, 'Magenta', '6', '125.00', '180.00', 29, 54, '2022-12-30 10:24:30'),
(440, 'Black', '2', '125.00', '180.00', 29, 54, '2022-12-30 10:24:51'),
(441, 'Light Cyan', '5', '125.00', '180.00', 29, 54, '2022-12-30 10:25:47'),
(442, 'fullscap', '2', '80.00', '110.00', 57, 0, '2022-12-31 00:00:00'),
(443, 'Samsung A04e Fancy', '0', '150.00', '350.00', 33, 0, '2022-12-31 00:00:00'),
(444, 'Samsung A04e My Choice', '0', '150.00', '350.00', 33, 0, '2022-12-31 00:00:00'),
(445, 'Samsung A04e Leather', '0', '150.00', '350.00', 33, 0, '2022-12-31 00:00:00'),
(446, 'Samsung A04S My Choice', '0', '150.00', '350.00', 33, 0, '2022-12-31 00:00:00'),
(447, 'Samsung A04S Lether', '0', '150.00', '350.00', 33, 0, '2022-12-31 00:00:00'),
(448, 'Samsung A04S Fancy', '0', '150.00', '350.00', 33, 0, '2022-12-31 00:00:00'),
(449, 'Samsung A04S Noble', '0', '150.00', '350.00', 33, 0, '2022-12-31 00:00:00'),
(450, 'Samsung A04 Leather', '0', '150.00', '350.00', 33, 0, '2022-12-31 00:00:00'),
(451, 'Samsung A04 My Choice', '0', '150.00', '350.00', 33, 0, '2022-12-31 00:00:00'),
(452, 'Samsung A04 Fancy', '0', '150.00', '350.00', 33, 0, '2022-12-31 00:00:00'),
(453, 'Samsung A23 5G Noble', '0', '150.00', '350.00', 33, 0, '2022-12-31 00:00:00'),
(454, 'Samsung A23 5g Fancy', '0', '150.00', '350.00', 33, 0, '2022-12-31 00:00:00'),
(455, 'Samsung A23 5G My Choice', '0', '150.00', '350.00', 33, 0, '2022-12-31 00:00:00'),
(456, 'Samsung A23 5G Leather', '0', '150.00', '350.00', 33, 0, '2022-12-31 00:00:00'),
(457, 'Samsung M13 5G Leather', '0', '150.00', '350.00', 33, 52, '2022-12-31 00:00:00'),
(458, 'Samsung M13 5G Fancy', '0', '150.00', '350.00', 33, 0, '2022-12-31 00:00:00'),
(459, 'Samsung M13 5G My Choice', '0', '150.00', '350.00', 33, 0, '2022-12-31 00:00:00'),
(460, 'Samsung F13 Fancy', '0', '150.00', '350.00', 33, 0, '2022-12-31 00:00:00'),
(461, 'Samsung F13 My Choice', '0', '150.00', '350.00', 33, 0, '2022-12-31 00:00:00'),
(462, 'Samsung F13 Leather', '0', '150.00', '350.00', 33, 0, '2022-12-31 00:00:00'),
(463, 'Infinix Chargers', '6', '150.00', '400.00', 1, 62, '2022-12-31 00:00:00'),
(465, 'Kodak', '5', '150.00', '400.00', 1, 67, '2022-12-31 00:00:00'),
(466, 'Itel Chargers', '5', '150.00', '400.00', 1, 69, '2022-12-31 00:00:00'),
(467, 'Scooper Smart', '5', '350.00', '700.00', 1, 68, '2022-12-31 00:00:00'),
(468, 'Samsung Chargers', '5', '150.00', '400.00', 1, 66, '2022-12-31 00:00:00'),
(469, 'Samsung M13  Leather', '0', '150.00', '350.00', 33, 52, '2022-12-31 00:00:00'),
(470, 'Samsung M13 Fancy', '0', '150.00', '350.00', 33, 53, '2022-12-31 00:00:00'),
(471, 'Samsung M13 My Choice', '0', '150.00', '350.00', 33, 50, '2022-12-31 00:00:00'),
(472, 'Samsung M53 Leather', '0', '150.00', '350.00', 33, 52, '2022-12-31 00:00:00'),
(473, 'Samsung M53 My Choice', '0', '150.00', '350.00', 33, 50, '2022-12-31 00:00:00'),
(474, 'Samsung M53 Fancy', '0', '150.00', '350.00', 33, 53, '2022-12-31 00:00:00'),
(475, 'Samsung S20 FE 2022 My Choice', '0', '150.00', '350.00', 33, 50, '2022-12-31 00:00:00'),
(476, 'Samsung S20 FE 2022 Leather', '0', '150.00', '350.00', 33, 52, '2022-12-31 00:00:00'),
(477, 'Samsung S20 FE 2022 Fancy', '0', '150.00', '350.00', 33, 53, '2022-12-31 00:00:00'),
(478, 'Samsung A73 5G My Choice', '0', '150.00', '350.00', 33, 50, '2022-12-31 00:00:00'),
(479, 'Samsung A73 5G Leather', '0', '150.00', '350.00', 33, 52, '2022-12-31 00:00:00'),
(480, 'Samsung A73 5G Fancy', '0', '150.00', '350.00', 33, 53, '2022-12-31 00:00:00'),
(481, 'Samsung A53 5G Leather', '0', '150.00', '350.00', 33, 52, '2023-01-02 00:00:00'),
(482, 'Samsung A53 5G Fancy', '0', '150.00', '350.00', 33, 53, '2023-01-02 00:00:00'),
(483, 'Samsung A53 5G My Chaoice', '0', '150.00', '350.00', 33, 50, '2023-01-02 00:00:00'),
(484, 'Samsung A33 Leather', '0', '150.00', '350.00', 33, 52, '2023-01-02 00:00:00'),
(485, 'Samsung A33 My Choice', '0', '150.00', '350.00', 33, 50, '2023-01-02 00:00:00'),
(486, 'Samsung A33 Fancy', '0', '150.00', '350.00', 33, 53, '2023-01-02 00:00:00'),
(487, 'Samsung F23 Fancy', '0', '150.00', '350.00', 33, 53, '2023-01-02 00:00:00'),
(488, 'Samsung F23 My Choice', '0', '150.00', '350.00', 33, 50, '2023-01-02 00:00:00'),
(489, 'Samsung F23 Leather', '0', '150.00', '350.00', 33, 52, '2023-01-02 00:00:00'),
(490, 'Samsung M33 Fancy', '0', '150.00', '350.00', 33, 53, '2023-01-02 00:00:00'),
(491, 'Samsung M33 My Choice', '0', '150.00', '350.00', 33, 50, '2023-01-02 00:00:00'),
(492, 'Samsung M33 Leather', '0', '150.00', '350.00', 33, 52, '2023-01-02 00:00:00'),
(493, 'Samsung M23 Fancy', '0', '150.00', '350.00', 33, 53, '2023-01-02 00:00:00'),
(494, 'Samsung M23 My Choice', '0', '150.00', '350.00', 33, 50, '2023-01-02 00:00:00'),
(495, 'Samsung M23 Leather', '0', '150.00', '350.00', 33, 52, '2023-01-02 00:00:00'),
(496, 'Samsung A23 My Choice', '0', '150.00', '350.00', 33, 50, '2023-01-02 00:00:00'),
(497, 'Samsung A23 Leather', '0', '150.00', '350.00', 33, 52, '2023-01-02 00:00:00'),
(498, 'Samsung A23 Fancy', '0', '150.00', '350.00', 33, 53, '2023-01-02 00:00:00'),
(499, 'Samsung A13 Fancy', '0', '150.00', '350.00', 33, 53, '2023-01-02 00:00:00'),
(500, 'Samsung A13 Leather', '0', '150.00', '350.00', 33, 52, '2023-01-02 00:00:00'),
(501, 'Samsung A13 My  Choice', '0', '150.00', '350.00', 33, 50, '2023-01-02 00:00:00'),
(503, 'Samsung S22 Ultra 5G Leather', '0', '150.00', '350.00', 33, 52, '2023-01-02 00:00:00'),
(504, 'Samsung S22 Ultra 5G My Choice', '0', '150.00', '350.00', 33, 50, '2023-01-02 00:00:00'),
(505, 'Samsung S22 Ultra 5G Fancy', '0', '150.00', '350.00', 33, 53, '2023-01-02 00:00:00'),
(506, 'Samsung TAB S8 Ultra', '0', '150.00', '350.00', 33, 0, '2023-01-02 00:00:00'),
(507, 'Samsung Tab S8+', '0', '150.00', '350.00', 33, 0, '2023-01-02 00:00:00'),
(508, 'Photocopy Ream Papers', '5', '550.00', '650.00', 10, 76, '2023-01-02 00:00:00'),
(509, 'Oraimo Iphone Chargers', '2', '380.00', '750.00', 1, 0, '2023-01-03 00:00:00'),
(510, 'Dr. Lee Earphones', '17', '60.00', '150.00', 2, 75, '2023-01-03 00:00:00'),
(511, 'Itel  E12 Earphones', '5', '130.00', '300.00', 2, 73, '2023-01-03 00:00:00'),
(512, 'Itel E11 Earphones', '5', '120.00', '300.00', 2, 72, '2023-01-03 00:00:00'),
(513, '3X Excellent iPhone Chargers', '2', '350.00', '700.00', 1, 70, '2023-01-03 00:00:00'),
(514, 'Punex Iphone Cables', '5', '150.00', '350.00', 36, 74, '2023-01-03 00:00:00'),
(515, 'HIFI Wireless Earphones', '2', '250.00', '500.00', 2, 71, '2023-01-03 00:00:00'),
(516, 'A22/ A32  Samsung', '2', '150.00', '350.00', 13, 0, '2023-01-04 00:00:00'),
(517, 'Nokia 7.1  3D', '2', '150.00', '350.00', 18, 0, '2023-01-05 00:00:00'),
(518, 'Nokia 7.2 3D', '2', '150.00', '350.00', 18, 0, '2023-01-05 00:00:00'),
(519, 'Nokia 5.1 + 3D', '1', '150.00', '350.00', 18, 0, '2023-01-05 00:00:00'),
(520, 'Nokia 3.1+ 3D', '3', '150.00', '351.00', 18, 0, '2023-01-05 00:00:00'),
(521, 'Nokia 4.2/B 3D', '1', '150.00', '350.00', 18, 0, '2023-01-05 00:00:00'),
(522, 'Infinix Y5 2019', '1', '150.00', '350.00', 18, 0, '2023-01-05 00:00:00'),
(523, 'Nokia C1 3D', '3', '150.00', '350.00', 18, 0, '2023-01-05 00:00:00'),
(524, 'Infinix 2.3 3D', '1', '150.00', '350.00', 18, 0, '2023-01-05 00:00:00'),
(525, 'Realme C11 3D', '1', '150.00', '350.00', 18, 0, '2023-01-05 00:00:00'),
(526, 'Nokia 5.1 3D', '2', '150.00', '350.00', 18, 0, '2023-01-05 00:00:00'),
(527, 'Nokia 2.3 3D', '1', '150.00', '350.00', 18, 0, '2023-01-05 00:00:00'),
(528, 'Tecno LC6 3D', '2', '150.00', '350.00', 18, 0, '2023-01-05 00:00:00'),
(529, 'Nokia 3.1 3D', '1', '150.00', '350.00', 18, 0, '2023-01-05 00:00:00'),
(530, 'Nokia 5/B 3D', '1', '150.00', '350.00', 18, 0, '2023-01-05 00:00:00'),
(531, 'Infinix X5515 3D', '1', '150.00', '350.00', 18, 0, '2023-01-05 00:00:00'),
(532, 'Samsung J7 Pro 3D', '2', '150.00', '350.00', 18, 0, '2023-01-05 00:00:00'),
(533, 'Infinix X604 3D', '1', '150.00', '350.00', 18, 0, '2023-01-05 00:00:00'),
(534, 'Tecno LB6 3D', '1', '150.00', '350.00', 18, 0, '2023-01-05 00:00:00'),
(535, 'Samsung A80 3D', '1', '150.00', '350.00', 18, 0, '2023-01-05 00:00:00'),
(536, 'Oppo F11 Pro 3D', '1', '150.00', '350.00', 18, 0, '2023-01-05 00:00:00'),
(537, 'Infinix Note 7 Lite 3D', '1', '150.00', '350.00', 18, 0, '2023-01-05 00:00:00'),
(538, 'Samsung A30S 3D', '2', '150.00', '350.00', 18, 0, '2023-01-05 00:00:00'),
(539, 'Infinix Hot 10 3D', '1', '150.00', '350.00', 18, 0, '2023-01-05 00:00:00'),
(540, 'Tecno K9/ Camon X Air 3D', '2', '150.00', '350.00', 18, 0, '2023-01-05 00:00:00'),
(541, 'Infinix XC60 3D', '1', '150.00', '350.00', 18, 0, '2023-01-05 00:00:00'),
(542, 'Infinix X573 3D', '1', '150.00', '350.00', 18, 0, '2023-01-05 00:00:00'),
(543, 'Samsung A50 3D', '1', '150.00', '350.00', 18, 0, '2023-01-05 00:00:00'),
(544, 'Samsung A57 3D', '1', '150.00', '350.00', 18, 0, '2023-01-05 00:00:00'),
(545, 'Oppo A83 3D', '2', '150.00', '350.00', 18, 0, '2023-01-05 00:00:00'),
(546, 'Huawei Y5 2019 3D', '1', '150.00', '350.00', 18, 0, '2023-01-05 00:00:00'),
(547, 'Huawei Y9 Prime 3D', '1', '150.00', '350.00', 18, 0, '2023-01-05 00:00:00'),
(548, 'Nokia 2.1 3D', '1', '150.00', '350.00', 18, 0, '2023-01-05 00:00:00'),
(549, 'Huawei Y9 2019 3D', '1', '150.00', '350.00', 18, 0, '2023-01-05 00:00:00'),
(550, 'Huwawei Nova 7i 3D', '1', '150.00', '350.00', 18, 0, '2023-01-05 00:00:00'),
(551, 'Huawei Y6 P 3D', '1', '150.00', '350.00', 18, 0, '2023-01-05 00:00:00'),
(552, 'Huawei P33+', '1', '150.00', '350.00', 18, 0, '2023-01-05 00:00:00'),
(553, 'Tecno K7 3D', '1', '150.00', '350.00', 18, 0, '2023-01-05 00:00:00'),
(554, 'Samsung S20 + 3D', '1', '150.00', '350.00', 18, 0, '2023-01-05 00:00:00'),
(555, 'Infinix X626 3D', '1', '150.00', '350.00', 18, 0, '2023-01-05 00:00:00'),
(556, 'Samsung A21S 3D', '1', '150.00', '350.00', 18, 0, '2023-01-05 00:00:00'),
(557, 'Oppo A52 3D', '1', '150.00', '350.00', 18, 0, '2023-01-05 00:00:00'),
(558, 'Oppo Reno 2f 3D', '1', '150.00', '350.00', 18, 0, '2023-01-05 00:00:00');

-- --------------------------------------------------------

--
-- Table structure for table `sales`
--

CREATE TABLE `sales` (
  `id` int(11) UNSIGNED NOT NULL,
  `product_id` int(11) UNSIGNED NOT NULL,
  `qty` int(11) NOT NULL,
  `price` decimal(25,2) NOT NULL,
  `date` date NOT NULL
) ENGINE=InnoDB DEFAULT CHARSET=utf8 COLLATE=utf8_general_ci;

--
-- Dumping data for table `sales`
--

INSERT INTO `sales` (`id`, `product_id`, `qty`, `price`, `date`) VALUES
(1, 52, 1, '200.00', '2022-12-15'),
(2, 40, 1, '200.00', '2022-12-15'),
(4, 20, 1, '400.00', '2022-12-17'),
(5, 78, 1, '350.00', '2022-12-17'),
(7, 95, 1, '15.00', '2022-12-17'),
(8, 96, 1, '25.00', '2022-12-17'),
(9, 145, 1, '350.00', '2022-12-19'),
(10, 91, 1, '330.00', '2022-12-19'),
(11, 71, 4, '400.00', '2022-12-19'),
(12, 89, 1, '130.00', '2022-12-19'),
(13, 146, 1, '120.00', '2022-12-19'),
(15, 70, 1, '100.00', '2022-12-19'),
(16, 98, 4, '200.00', '2022-12-20'),
(17, 71, 2, '200.00', '2022-12-20'),
(18, 8, 1, '1100.00', '2022-12-20'),
(19, 46, 1, '800.00', '2022-12-20'),
(20, 206, 1, '25.00', '2022-12-20'),
(22, 70, 1, '100.00', '2022-12-20'),
(24, 97, 1, '50.00', '2022-12-21'),
(25, 70, 1, '100.00', '2022-12-21'),
(26, 96, 1, '25.00', '2022-12-21'),
(27, 71, 1, '100.00', '2022-12-21'),
(29, 69, 3, '300.00', '2022-12-22'),
(30, 93, 2, '120.00', '2022-12-22'),
(31, 12, 1, '550.00', '2022-12-22'),
(32, 79, 1, '280.00', '2022-12-23'),
(33, 35, 1, '700.00', '2022-12-23'),
(34, 145, 1, '350.00', '2022-12-23'),
(35, 71, 1, '100.00', '2022-12-23'),
(36, 98, 2, '100.00', '2022-12-23'),
(37, 409, 1, '60.00', '2022-12-23'),
(38, 407, 1, '350.00', '2022-12-23'),
(39, 408, 1, '350.00', '2022-12-23'),
(40, 430, 1, '600.00', '2022-12-24'),
(41, 71, 2, '200.00', '2022-12-24'),
(42, 69, 2, '200.00', '2022-12-24'),
(43, 431, 1, '350.00', '2022-12-24'),
(44, 20, 1, '400.00', '2022-12-24'),
(45, 420, 1, '400.00', '2022-12-24'),
(46, 432, 1, '60.00', '2022-12-24'),
(47, 71, 4, '400.00', '2022-12-26'),
(48, 21, 1, '400.00', '2022-12-26'),
(49, 429, 1, '400.00', '2022-12-26'),
(50, 433, 1, '350.00', '2022-12-26'),
(51, 97, 1, '50.00', '2022-12-26'),
(52, 324, 1, '350.00', '2022-12-26'),
(53, 434, 1, '350.00', '2022-12-26'),
(54, 71, 2, '200.00', '2022-12-27'),
(55, 93, 1, '60.00', '2022-12-27'),
(56, 98, 1, '50.00', '2022-12-27'),
(57, 417, 1, '350.00', '2022-12-28'),
(58, 121, 1, '350.00', '2022-12-28'),
(59, 69, 1, '100.00', '2022-12-28'),
(60, 95, 1, '15.00', '2022-12-28'),
(61, 96, 2, '50.00', '2022-12-28'),
(62, 98, 1, '50.00', '2022-12-28'),
(63, 71, 1, '100.00', '2022-12-29'),
(64, 74, 1, '2300.00', '2022-12-29'),
(65, 90, 1, '230.00', '2022-12-29'),
(66, 435, 1, '100.00', '2022-12-29'),
(67, 69, 1, '100.00', '2022-12-29'),
(68, 70, 1, '100.00', '2022-12-30'),
(70, 57, 1, '280.00', '2022-12-30'),
(71, 442, 1, '110.00', '2022-12-31'),
(72, 55, 1, '1000.00', '2022-12-31'),
(73, 57, 1, '280.00', '2022-12-31'),
(74, 96, 1, '25.00', '2022-12-31'),
(75, 98, 2, '100.00', '2023-01-02'),
(76, 96, 1, '25.00', '2023-01-02'),
(77, 508, 1, '650.00', '2023-01-02'),
(78, 8, 1, '1100.00', '2023-01-02'),
(79, 71, 1, '100.00', '2023-01-02'),
(80, 437, 1, '180.00', '2023-01-03'),
(81, 440, 1, '180.00', '2023-01-03'),
(82, 145, 1, '350.00', '2023-01-03'),
(83, 96, 1, '25.00', '2023-01-03'),
(84, 70, 1, '100.00', '2023-01-03'),
(85, 71, 2, '200.00', '2023-01-04'),
(86, 98, 1, '50.00', '2023-01-04'),
(87, 415, 2, '700.00', '2023-01-04'),
(88, 71, 1, '100.00', '2023-01-04');

-- --------------------------------------------------------

--
-- Table structure for table `users`
--

CREATE TABLE `users` (
  `id` int(11) UNSIGNED NOT NULL,
  `name` varchar(60) NOT NULL,
  `username` varchar(50) NOT NULL,
  `password` varchar(255) NOT NULL,
  `user_level` int(11) NOT NULL,
  `image` varchar(255) DEFAULT 'no_image.jpg',
  `status` int(1) NOT NULL,
  `last_login` datetime DEFAULT NULL
) ENGINE=InnoDB DEFAULT CHARSET=latin1 COLLATE=latin1_swedish_ci;

--
-- Dumping data for table `users`
--

INSERT INTO `users` (`id`, `name`, `username`, `password`, `user_level`, `image`, `status`, `last_login`) VALUES
(1, 'Mars Cyber', 'Admin', 'd033e22ae348aeb5660fc2140aec35850c4da997', 1, 'no_image.jpg', 1, '2023-01-05 00:00:00'),
(2, 'Special User', 'George', 'ba36b97a41e7faf742ab09bf88405ac04f99599a', 3, 'no_image.jpg', 1, '2015-09-27 21:59:59'),
(3, 'Default User', 'Prisca', '12dea96fec20593566ab75692c9949596833adc9', 3, 'no_image.jpg', 1, '2015-09-27 22:00:15');

-- --------------------------------------------------------

--
-- Table structure for table `user_groups`
--

CREATE TABLE `user_groups` (
  `id` int(11) NOT NULL,
  `group_name` varchar(150) NOT NULL,
  `group_level` int(11) NOT NULL,
  `group_status` int(1) NOT NULL
) ENGINE=InnoDB DEFAULT CHARSET=latin1 COLLATE=latin1_swedish_ci;

--
-- Dumping data for table `user_groups`
--

INSERT INTO `user_groups` (`id`, `group_name`, `group_level`, `group_status`) VALUES
(1, 'Admin', 1, 1),
(2, 'George', 2, 1),
(3, 'User', 3, 1);

--
-- Indexes for dumped tables
--

--
-- Indexes for table `categories`
--
ALTER TABLE `categories`
  ADD PRIMARY KEY (`id`),
  ADD UNIQUE KEY `name` (`name`);

--
-- Indexes for table `media`
--
ALTER TABLE `media`
  ADD PRIMARY KEY (`id`),
  ADD KEY `id` (`id`);

--
-- Indexes for table `products`
--
ALTER TABLE `products`
  ADD PRIMARY KEY (`id`),
  ADD UNIQUE KEY `name` (`name`),
  ADD KEY `categorie_id` (`categorie_id`),
  ADD KEY `media_id` (`media_id`);

--
-- Indexes for table `sales`
--
ALTER TABLE `sales`
  ADD PRIMARY KEY (`id`),
  ADD KEY `product_id` (`product_id`);

--
-- Indexes for table `users`
--
ALTER TABLE `users`
  ADD PRIMARY KEY (`id`),
  ADD KEY `user_level` (`user_level`);

--
-- Indexes for table `user_groups`
--
ALTER TABLE `user_groups`
  ADD PRIMARY KEY (`id`),
  ADD UNIQUE KEY `group_level` (`group_level`);

--
-- AUTO_INCREMENT for dumped tables
--

--
-- AUTO_INCREMENT for table `categories`
--
ALTER TABLE `categories`
  MODIFY `id` int(11) UNSIGNED NOT NULL AUTO_INCREMENT, AUTO_INCREMENT=58;

--
-- AUTO_INCREMENT for table `media`
--
ALTER TABLE `media`
  MODIFY `id` int(11) UNSIGNED NOT NULL AUTO_INCREMENT, AUTO_INCREMENT=77;

--
-- AUTO_INCREMENT for table `products`
--
ALTER TABLE `products`
  MODIFY `id` int(11) UNSIGNED NOT NULL AUTO_INCREMENT, AUTO_INCREMENT=559;

--
-- AUTO_INCREMENT for table `sales`
--
ALTER TABLE `sales`
  MODIFY `id` int(11) UNSIGNED NOT NULL AUTO_INCREMENT, AUTO_INCREMENT=89;

--
-- AUTO_INCREMENT for table `users`
--
ALTER TABLE `users`
  MODIFY `id` int(11) UNSIGNED NOT NULL AUTO_INCREMENT, AUTO_INCREMENT=4;

--
-- AUTO_INCREMENT for table `user_groups`
--
ALTER TABLE `user_groups`
  MODIFY `id` int(11) NOT NULL AUTO_INCREMENT, AUTO_INCREMENT=4;

--
-- Constraints for dumped tables
--

--
-- Constraints for table `products`
--
ALTER TABLE `products`
  ADD CONSTRAINT `FK_products` FOREIGN KEY (`categorie_id`) REFERENCES `categories` (`id`) ON DELETE CASCADE ON UPDATE CASCADE;

--
-- Constraints for table `sales`
--
ALTER TABLE `sales`
  ADD CONSTRAINT `SK` FOREIGN KEY (`product_id`) REFERENCES `products` (`id`) ON DELETE CASCADE ON UPDATE CASCADE;

--
-- Constraints for table `users`
--
ALTER TABLE `users`
  ADD CONSTRAINT `FK_user` FOREIGN KEY (`user_level`) REFERENCES `user_groups` (`group_level`) ON DELETE CASCADE ON UPDATE CASCADE;
COMMIT;

/*!40101 SET CHARACTER_SET_CLIENT=@OLD_CHARACTER_SET_CLIENT */;
/*!40101 SET CHARACTER_SET_RESULTS=@OLD_CHARACTER_SET_RESULTS */;
/*!40101 SET COLLATION_CONNECTION=@OLD_COLLATION_CONNECTION */;
